1,Hwy 401 & Weston (Crossroads),Toronto-North York,957096,236625,382200,POINT (-79.531037 43.712679)
2,St. Clair & Bathurst,Toronto-Central,43043,1125,6000,POINT (-79.415366 43.683997)
3,Dundas & Dovercourt,Toronto-Central,146885,42000,134550,POINT (-79.42351 43.649585)
4,Danforth & Broadview,Toronto-Central,366830,390000,658400,POINT (-79.356106 43.67688)
5,Queen & Coxwell (The Beach),Toronto-Central,423824,185100,213400,POINT (-79.314978 43.666877)
6,Queen & Lansdowne,Toronto-Central,290807,7500,82250,POINT (-79.43239 43.642136)
7,Eglinton & Dunfield,Toronto-Central,28191,65250,22750,POINT (-79.3948 43.707374)
8,St. Clair & Oakwood,Toronto-Central,183298,6750,29250,POINT (-79.433905 43.680158)
9,Bloor & Ossington,Toronto-Central,115553,NULL,50250,POINT (-79.425133 43.661944)
10,Yonge & Summerhill,Toronto-Central,810753,602050,446050,POINT (-79.390516 43.68089)
11,Gerrard & Pape,Toronto-Central,41398,3000,NULL,POINT (-79.341101 43.66818)
12,Parliament & Wellesly (Cabbagetown),Toronto-Central,34538,NULL,31500,POINT (-79.368661 43.665544)
13,Danforth & Greenwood,Toronto-Central,66960,NULL,27750,POINT (-79.333301 43.681034)
14,Spadina & Dundas,Toronto-Central,146426,6000,80550,POINT (-79.398469 43.654843)
15,Dupont & Spadina,Toronto-Central,296449,207375,166150,POINT (-79.405677 43.675325)
16,Yonge & Empress (Empress Walk),Toronto-North York,25548,2250,42600,POINT (-79.412504 43.768838)
17,Front & Sherbourne,Toronto-Central,192197,114750,93500,POINT (-79.364894 43.651216)
18,King & Dufferin (Liberty Village),Toronto-Central,285971,165750,159350,POINT (-79.419912 43.639925)
19,St. Clair & Keele (The Stockyards),Toronto-Central,256354,302625,454450,POINT (-79.472894 43.670479)
20,Lake Shore & Islington,Toronto-Etobicoke,176419,NULL,21750,POINT (-79.499292 43.602313)
21,Golf Links & Hwy 403 (Meadowlands),Ancaster,436587,22425,98500,POINT (-79.95496 43.226231)
22,Big Bay Point Rd & Yonge,Barrie,324381,70875,125250,POINT (-79.650842 44.356011)
23,Barton & Kenilworth (Centre Mall),Hamilton,487270,19125,104650,POINT (-79.81333 43.251816)
24,Clarence & Elm St,Port Colborne,83116,450,6750,POINT (-79.255131 42.885961)
25,Osler & Main W,Dundas,402429,114000,44150,POINT (-79.941243 43.257921)
26,York & Ridout,London,257336,3950,67050,POINT (-81.25184 42.98019)
27,Oxford St E & Gammage St,London,562634,9750,90750,POINT (-81.227089 43.003516)
28,Broad & Maple St,Dunnville,91674,14250,30750,POINT (-79.615577 42.90325)
30,Victoria & Durham St,Walkerton,NULL,15000,NULL,POINT (-81.147181 44.133793)
31,First & Pine,Collingwood,533759,30750,153600,POINT (-80.218285 44.502973)
32,University & Church,Windsor,98209,NULL,27000,POINT (-83.043376 42.316644)
33,Mcleod & Qew,Niagara Falls,153033,21775,123800,POINT (-79.121101 43.065997)
34,Walker & Ottawa,Windsor,213235,19500,21750,POINT (-83.001219 42.313571)
35,Lansdowne W & Parkway,Peterborough,314539,82350,58150,POINT (-78.339503 44.28233)
36,Hazeldean & Castlefrank (Market Square),Ottawa-Kanata,262804,24000,87100,POINT (-75.887426 45.300179)
38,Rideau & King Edward,Ottawa,450421,455625,358350,POINT (-75.68631 45.428756)
39,3rd & Albert St,Cobourg,122034,NULL,7500,POINT (-78.167699 43.958475)
40,Barrack & King,Kingston,192517,94875,37100,POINT (-76.480741 44.232974)
41,Industrial & St. Laurent (Trainyards),Ottawa,185191,15750,49800,POINT (-75.639729 45.410776)
42,King & John St,Brockville,NULL,NULL,4500,POINT (-75.6878 44.5876)
43,King St W & Victoria St,Kitchener,129626,30200,6300,POINT (-80.495458 43.452188)
44,Market S & Icomm,Brantford,108805,15000,41500,POINT (-80.261709 43.135525)
45,Sherbrooke & George,Peterborough,107679,6000,38150,POINT (-78.321327 44.30101)
46,Christina & George St,Sarnia,NULL,450,15750,POINT (-82.405685 42.97539)
47,King & Academy,St. Catharines,136798,16500,34250,POINT (-79.243622 43.161598)
48,Victoria & Valley Way,Niagara Falls,61737,7025,NULL,POINT (-79.073049 43.106212)
49,Second St & Glengarry Blvd,Cornwall,175154,NULL,46000,POINT (-74.704968 45.025045)
50,Elm & Paris St,Sudbury,61264,NULL,18250,POINT (-80.990836 46.492618)
51,Wellington & Gordon,Guelph,156319,3750,16550,POINT (-80.248151 43.546098)
52,Ontario & Southworth (Rose City Plaza),Welland,8041,24000,4250,POINT (-79.239729 42.97614)
53,Queen & King,Cookstown,61963,9000,11650,POINT (-79.708881 44.188993)
54,Worthington & Fraser St,North Bay,140331,NULL,69500,POINT (-79.462896 46.312902)
55,Pembroke St E & Angus Campbell Dr,Pembroke,146193,18000,8750,POINT (-77.081439 45.820838)
56,Hwy 401 & 2,Prescott,8987,NULL,NULL,POINT (-75.516434 44.70781)
57,Bell & N Front (Near Quinte Mall),Belleville,172424,58125,37500,POINT (-77.404896 44.187202)
58,Algonquin,Timmins,324005,45000,40500,POINT (-81.337054 48.477872)
59,Mary & Dunlop,Barrie,2838,NULL,8050,POINT (-79.692366 44.38894)
60,Wellington & St. Patrick,Stratford,186334,78750,25350,POINT (-80.983308 43.368968)
61,Wellington & Raleigh,Chatham,61737,9000,17750,POINT (-82.188145 42.403857)
62,First & Talbot St,St. Thomas,75927,18000,41500,POINT (-81.17698 42.778006)
63,Bay & Bruce (Station Mall),Sault Ste. Marie,103608,15750,34300,POINT (-84.338068 46.512082)
64,Dundas & Springbank,Woodstock,356162,69125,30750,POINT (-80.732119 43.13448)
65,Front & Division,Trenton,723958,64875,20250,POINT (-77.57917 44.103306)
67,Lakeshore & Broadway,Haileybury,9460,14250,NULL,POINT (-79.631899 47.449651)
68,Park & Railway St,Kenora,20339,NULL,9750,POINT (-94.482424 49.767685)
69,Third & Mowat St,Fort Frances,47434,3375,4900,POINT (-93.398536 48.612916)
70,Lombard St & Ferrara Dr,Smiths Falls,149468,4500,1500,POINT (-76.029731 44.890612)
71,King & Charles St,Gananoque,34529,375,NULL,POINT (-76.160782 44.330528)
72,Dufferin & Wilson,Perth,148049,5250,NULL,POINT (-76.265024 44.907607)
73,King & Dolph,Cambridge-Preston,34776,15000,15750,POINT (-80.352231 43.392911)
74,Queensway & Ireland,Simcoe,147112,27000,71900,POINT (-80.288299 42.848298)
76,Grandview Ave & Silver St,Cobalt,21300,NULL,NULL,POINT (-79.68601 47.395688)
77,Poyntz St & Penetang Rd,Penetang,97950,NULL,18750,POINT (-79.932434 44.765962)
78,Armstrong & Cedar,New Liskeard,14910,28500,18750,POINT (-79.671108 47.506908)
79,Walton St & Peter St,Port Hope,23177,NULL,3750,POINT (-78.293811 43.95208)
80,Sequin & Miller,Parry Sound,160853,66000,98250,POINT (-80.03281 45.343693)
81,Front & Holditch,Sturgeon Falls,177300,NULL,6750,POINT (-79.930471 46.366258)
82,Kent & Hwy 35,Lindsay,319415,48000,31950,POINT (-78.766523 44.348417)
83,Hwy 17 & Tupper St,Hawkesbury,442749,177250,214750,POINT (-74.592488 45.590747)
84,Hwy 62/33 & County Rd 10,Picton,112819,55500,57750,POINT (-77.151122 44.003336)
85,Hwy 417 & Daniel St,Arnprior,407499,30450,73000,POINT (-76.36798 45.421812)
86,King St & Kirkpatrick,Dryden,107271,NULL,22500,POINT (-92.834381 49.784309)
87,Front St & Fourth Ave,Sioux Lookout,30272,NULL,NULL,POINT (-91.915197 50.098149)
88,Mechanic St & Broadway St,Paris,51566,NULL,NULL,POINT (-80.384284 43.19193)
89,Mcconnell & Main St,Mattawa,7095,7500,NULL,POINT (-78.700615 46.316931)
90,Ritson & Adelaide,Oshawa,250038,7500,69750,POINT (-78.865965 43.898715)
91,Summer Hayes & Duncan Ave,Kirkland Lake,19637,7500,7000,POINT (-80.036184 48.152289)
92,Fourth Ave & Third St,Englehart,70992,NULL,NULL,POINT (-79.874126 47.825658)
93,Thompson & Garrison Rd,Fort Erie,104780,29250,19250,POINT (-78.94136 42.907259)
94,Hwy 41 & Hwy 60,Eganville,NULL,6750,NULL,POINT (-77.105489 45.543871)
95,Franklin & Dundas (South Cambridge Ctr),Cambridge,182355,35625,83000,POINT (-80.286644 43.35709)
96,Dundas St & St. George St,Deseronto,21300,15000,750,POINT (-77.050258 44.194914)
97,Alkenbrack & Centre St N,Napanee,159885,21000,9000,POINT (-76.961305 44.256711)
98,Main St S & Albert St,Alexandria,132440,27000,7000,POINT (-74.628159 45.300252)
99,Notre Dame & Ste Marie,Embrun,65274,12000,3000,POINT (-75.302438 45.268598)
101,Christie & Main St,Grimsby,138939,41175,28900,POINT (-79.561885 43.192488)
102,Edward St & Talisman Dr,Gravenhurst,107453,87750,7950,POINT (-79.370012 44.908482)
103,Hwy 6 & Barber St,Espanola,82076,NULL,15000,POINT (-81.771534 46.264366)
104,Hwy 17b & Huron St,Thessalon,55490,NULL,2250,POINT (-83.556865 46.255875)
105,Hwy 41 & Country Rd 4,Tamworth,NULL,7500,14250,POINT (-76.994411 44.487858)
106,Hwy 11b & William St,Huntsville,184512,59325,58100,POINT (-79.20305 45.335318)
107,Hwy 89 & 23,Palmerston,334424,13500,8750,POINT (-80.857548 43.832961)
108,Woodward Ave & Murray St,Blind River,16082,NULL,NULL,POINT (-82.953457 46.186663)
109,Sandwich & Pickering,Amherstburg,45408,15000,20250,POINT (-83.107217 42.093849)
110,Mcnaughton & Hwy 40,Wallaceburg,33583,NULL,NULL,POINT (-82.386594 42.588052)
111,Church & Bedford,Westport,17974,6750,3750,POINT (-76.396127 44.679125)
112,Brunetville Rd & Ash St,Kapuskasing,37500,NULL,NULL,POINT (-82.417588 49.419496)
113,Hwy 60 & 62,Barry's Bay,62210,NULL,NULL,POINT (-77.680097 45.487988)
115,King S & William (Waterloo Town Sq),Waterloo,660676,114225,188250,POINT (-80.521753 43.462025)
116,Church & Arthur St,Elmira,130795,21000,15750,POINT (-80.559869 43.599978)
117,Lorne St & Birch Rd,Chapleau,10406,14250,NULL,POINT (-83.400869 47.842639)
118,Hanna & Dennie,Capreol,112625,NULL,17500,POINT (-80.921894 46.706205)
119,Elgin & Wellington St,Merrickville,56551,NULL,1500,POINT (-75.834823 44.915425)
120,West Dock,Pelee Island,42600,21750,NULL,POINT (-82.688709 41.762038)
122,8th St & George St,Hearst,15265,NULL,NULL,POINT (-83.663013 49.689058)
123,Molan St & Hwy 34,Lancaster,156572,NULL,NULL,POINT (-74.498738 45.141261)
124,Queen & King,Niagara-On-The-Lake,195661,34000,5250,POINT (-79.071642 43.254982)
125,Richelieu & Poupart,Rockland,39732,8625,15750,POINT (-75.30561 45.533946)
126,Hwy 2 & Queen St,Tilbury,8514,6750,6750,POINT (-82.432135 42.257722)
127,Hwy 31 & 2,Morrisburg,39732,17250,NULL,POINT (-75.183728 44.900358)
129,3 St & Main St,Geraldton,30272,NULL,6750,POINT (-86.948768 49.725892)
130,Wellington St & Muskoka Rd,Bracebridge,127749,51750,72750,POINT (-79.326824 45.044681)
131,County Rd Hwy 19 & 21,Ridgetown,46354,NULL,15750,POINT (-81.887476 42.438766)
132,Mcneely Ave & Trans - Canada Hwy,Carleton Place,162824,900,60000,POINT (-76.118611 45.132482)
133,Petrolia Line & Hwy 21,Petrolia,21758,NULL,NULL,POINT (-82.134233 42.881308)
135,Hwy 62 & 7,Madoc,NULL,NULL,11250,POINT (-77.47839 44.510093)
136,Hwy 35 & South Water St,Minden,10406,NULL,NULL,POINT (-78.723347 44.926638)
137,Hwy 105 & Discovery Rd,Red Lake,81603,NULL,NULL,POINT (-93.822793 51.018042)
139,Dalton & Black River Rd,Sutton,360447,7500,65500,POINT (-79.366672 44.312199)
140,Montreal Rd & Vanier Parkway,Ottawa-Vanier,97266,NULL,33500,POINT (-75.661987 45.435778)
141,King St & Walker Rd,Harrow,35948,38250,14000,POINT (-82.920659 42.035346)
142,Hwy 45 & Front St,Hastings,145056,30000,15750,POINT (-77.957588 44.308911)
143,Dundurn & Charlton,Hamilton,336303,81750,114500,POINT (-79.891037 43.254536)
144,O'brien & Wrangler Rd,Renfrew,99339,19500,32200,POINT (-76.65705 45.477587)
145,Holland St W & Summerlyn Trail,Bradford,134826,24375,163100,POINT (-79.591385 44.107696)
146,Grosvenor & High St,Southampton,2720,NULL,NULL,POINT (-81.372772 44.496831)
147,Third St & Newton Ave,Nipigon,19170,2250,NULL,POINT (-88.261929 49.012543)
148,N Service Rd & Dorval (Town Ctr W),Oakville,347376,35625,111950,POINT (-79.70455 43.445936)
149,Bloor & Royal York (Kingsway),Toronto-Etobicoke,793818,602250,217250,POINT (-79.50807 43.648296)
150,Qew & Fifty Rd,Hamilton-Winona,342955,33750,122550,POINT (-79.641338 43.217179)
151,Ontario & Peninsula Rd,Marathon,31227,NULL,10500,POINT (-86.380794 48.718531)
152,Wentworth & Cedar (Lake Vista Plaza),Oshawa,56061,NULL,9750,POINT (-78.850215 43.869052)
153,Erie S & Seacliff Dr,Leamington,65048,17625,22500,POINT (-82.598097 42.033465)
154,Midland & Princess,Kingston,429948,105000,87800,POINT (-76.574494 44.262723)
155,Cumberland & Water St,Thunder Bay,215249,3500,31500,POINT (-89.216634 48.437819)
156,Guelph & Mountainview,Georgetown,272284,55500,74450,POINT (-79.901206 43.649767)
157,Meredith & Dawson St,Gore Bay,240371,NULL,NULL,POINT (-82.464941 45.918282)
158,Hwy 6 & Manitowaning Rd,Little Current,33119,NULL,22500,POINT (-81.925637 45.979276)
159,Hwy 124 & Ottawa St,South River,NULL,7500,NULL,POINT (-79.376723 45.837003)
160,Hwy 54 & 3,Cayuga,132216,15000,18000,POINT (-79.856325 42.950003)
161,Hwy 21 & Lindsley St,Dresden,138760,NULL,NULL,POINT (-82.180528 42.592058)
162,Hwy 11 & Burton Rd,Matheson,NULL,NULL,9000,POINT (-80.462573 48.532316)
163,Danforth & Victoria Park,Toronto-Scarborough,158409,42000,36750,POINT (-79.285849 43.691089)
164,Eglinton & Laird,Toronto-Central,622044,401500,387600,POINT (-79.360024 43.709687)
165,Mohawk & Upper Wentworth,Hamilton,57477,16700,22500,POINT (-79.861547 43.221017)
166,Arthur & Talbot St,Essex,24599,7500,15750,POINT (-82.820211 42.173977)
167,Princess & Concession,Kingston,247203,7500,28250,POINT (-76.51047 44.240921)
168,Riddell & Centennial,Orangeville,345784,9100,52100,POINT (-80.119589 43.903819)
169,Thames & Charles St,Ingersoll,82858,1500,33000,POINT (-80.886057 43.03864)
170,Main & Burns,Atikokan,27686,NULL,NULL,POINT (-91.62055 48.757818)
171,Sandalwood & Kennedy (Heart Lake),Brampton,292752,13875,221600,POINT (-79.797662 43.726729)
172,Louisa & Main St,Thedford,12771,NULL,NULL,POINT (-81.853203 43.164107)
173,Hwy 17 N,Terrace Bay,99140,NULL,5250,POINT (-87.102816 48.782546)
174,Victoria St & Bridge St,Tweed,NULL,7500,750,POINT (-77.314144 44.479886)
175,Front & Mississaga St,Orillia,176438,NULL,6750,POINT (-79.413587 44.610571)
176,Hwy 7 & 14,Marmora,14663,NULL,NULL,POINT (-77.682784 44.483333)
177,Yonge & Sheppard,Toronto-North York,91603,15375,60900,POINT (-79.411102 43.760142)
178,Bridge St & Front St,Campbellford,29338,NULL,19250,POINT (-77.797802 44.30702)
179,Upper Middle & 8th Line,Oakville,213369,34125,57250,POINT (-79.694584 43.482326)
181,James & Hwy 3,Delhi,48984,7500,NULL,POINT (-80.493544 42.854761)
182,Lakeshore & Hwy 10 (Port Credit),Mississauga,63864,14625,65500,POINT (-79.579492 43.557743)
183,Main & Queen,Brampton,8520,8250,12000,POINT (-79.762335 43.685738)
184,Broadway Ave & Ganley St,Wawa,116358,NULL,NULL,POINT (-84.772098 47.995727)
186,Jane & Wilson (Sheridan Mall),Toronto-North York,53220,3000,78000,POINT (-79.510382 43.721155)
187,Bayfield & Hanmer,Barrie,463762,148050,177300,POINT (-79.713243 44.414496)
188,Brock St & Dundas,Whitby,177146,NULL,23250,POINT (-78.939877 43.876797)
189,Hwy 11 & Main Ave,Smooth Rock Falls,8987,NULL,1500,POINT (-81.625477 49.274994)
190,Main At Traffic Circle,Hamilton,115666,8250,20500,POINT (-79.801649 43.238358)
191,Salem & Taunton,Ajax,157982,40875,121500,POINT (-79.028273 43.897121)
192,Wellington & Grand,London,276420,6750,21750,POINT (-81.237535 42.971269)
193,Notre Dame St & 11th St,Belle River,25542,NULL,6000,POINT (-82.699343 42.293133)
194,Shaw & Kerr St,Elmvale,NULL,NULL,9750,POINT (-79.86482 44.585439)
195,Eglinton & Warden (Smart Centre),Toronto-Scarborough,273647,75375,123000,POINT (-79.292394 43.729482)
196,Hwy 81 & Hwy 21,Grand Bend,410931,9375,13750,POINT (-81.752523 43.310719)
197,Champlain Ave & Deep River,Deep River,82302,33000,58500,POINT (-77.488524 46.100441)
198,Kingston & Morningside,Toronto-Scarborough,118777,50625,71750,POINT (-79.184462 43.771474)
199,Broadway & Bridge,Tillsonburg,NULL,30000,32750,POINT (-80.729308 42.862865)
200,Clarke & Dundas (Argyle Mall),London,205834,30000,51000,POINT (-81.174458 43.003199)
201,Bayly & Harwood,Ajax,163905,NULL,50250,POINT (-79.022259 43.841982)
202,Lakeshore & Murphy Nw Corner,Sarnia,158986,12000,7000,POINT (-82.365671 43.015098)
203,Lakeshore & Elizabeth,Burlington,18456,NULL,13500,POINT (-79.795572 43.325975)
205,Hwy 10 & Toronto St,Markdale,22231,NULL,NULL,POINT (-80.652112 44.321688)
207,Dundas & Hwy 427 (Cloverdale),Toronto-Etobicoke,182781,98825,78500,POINT (-79.553694 43.631319)
208,Hwy 62 & Hwy 28,Bancroft,126065,37500,215750,POINT (-77.859606 45.082316)
209,Hwy 89 & Young,Alliston,348495,6750,162500,POINT (-79.881914 44.149272)
210,Hwy 9 & Hwy 21,Kincardine,100282,21000,30000,POINT (-81.614967 44.176108)
211,Hwy 416 & Hwy 43,Kemptville,207647,NULL,53250,POINT (-75.63065 45.029906)
212,Richmond & Kirkwood,Ottawa,144778,205875,68875,POINT (-75.748934 45.394105)
213,Main & Mary St,Dutton,65298,NULL,35500,POINT (-81.503109 42.663159)
214,Queensway & Park Lawn,Toronto-Etobicoke,278345,87375,91750,POINT (-79.481871 43.629866)
216,Carroll & Caradoc,Strathroy,87166,21000,NULL,POINT (-81.609315 42.94709)
217,Queens Quay & Cooper Street,Toronto-Central,647547,288100,341050,POINT (-79.372312 43.643023)
218,N Service & Dixie (Applewood Village),Mississauga,119761,15375,109100,POINT (-79.577524 43.590598)
220,Huron & Barber Walk,Manitouwadge,36210,NULL,NULL,POINT (-85.826963 49.127158)
221,Scugog Line 6 & Hwy 7a,Port Perry,313263,66750,35250,POINT (-78.962465 44.095062)
222,King St & Hwy 36,Bobcaygeon,85860,NULL,58500,POINT (-78.541359 44.535991)
223,Hwy 121 & 118,Haliburton,61490,53250,NULL,POINT (-78.507593 45.04641)
224,Bay & Mill,Beaverton,124872,NULL,NULL,POINT (-79.155429 44.429022)
225,Hillside & Ontario St,Elliot Lake,99142,4875,NULL,POINT (-82.647973 46.386346)
226,Yonge & Davis (Yonge - Davis Centre),Newmarket,321337,75625,94150,POINT (-79.479451 44.055685)
227,King St & Heritage Dr,Midland,148008,52850,72250,POINT (-79.871759 44.729134)
228,Ellesmere & Victoria Park (Parkway Mall),Toronto-Scarborough,263907,57750,134050,POINT (-79.314052 43.757795)
229,Parkside & St. David,Fergus,146576,29250,54750,POINT (-80.388228 43.710872)
230,Front & Tenth St,Keewatin,74169,NULL,NULL,POINT (-94.554131 49.761915)
231,Hwy 7 & 30,Havelock,182373,10875,NULL,POINT (-77.889729 44.433577)
232,Hwy 520 & Hwy 11,Burk's Falls,29326,NULL,NULL,POINT (-79.402068 45.60989)
233,Upper James & Fennell,Hamilton,394643,27000,103150,POINT (-79.876617 43.23525)
234,Eglinton & Kipling,Toronto-Etobicoke,50862,67875,90300,POINT (-79.557104 43.675378)
236,Errington & Hwy144 1/2 Mile,Chelmsford,NULL,6750,106250,POINT (-81.197967 46.579179)
237,Winchester & Baldwin,Brooklin,451349,3000,9750,POINT (-78.960354 43.953441)
238,Hwy 6 (Main St ) & Market,Port Dover,66953,19875,10500,POINT (-80.201348 42.787693)
239,Wellington & Hwy 3,Aylmer,12771,3000,NULL,POINT (-80.987281 42.77169)
240,Main & Centre St,Port Rowan,NULL,10875,NULL,POINT (-80.451041 42.625424)
241,Hwy 11 & Wildflower St,Temagami,52051,NULL,NULL,POINT (-79.789803 47.063964)
242,Brimley & Eglinton,Toronto-Scarborough,202863,2250,31500,POINT (-79.248159 43.735622)
243,Bank & Walkley,Ottawa,262856,35625,126800,POINT (-75.661437 45.366618)
244,Mosley & 45th,Wasaga Beach,69058,4125,26800,POINT (-80.074927 44.475126)
246,Lite & Louisa St,Point Edward,8514,NULL,17250,POINT (-82.406415 42.991183)
247,Hwy 2 & Park,Brighton,14663,33750,3000,POINT (-77.73746 44.041313)
248,Yonge St & Crosby Ave,Richmond Hill,107145,48750,104550,POINT (-79.438573 43.880668)
249,Upper Gage & Fennell (Fennell Square),Hamilton,84470,39000,32250,POINT (-79.837052 43.228566)
250,Gray's Rd & Hwy 8,Stoney Creek,78991,11625,85950,POINT (-79.746176 43.223518)
251,Hwy 169 & 612,Mactier,101273,NULL,33000,POINT (-79.769767 45.134129)
252,Glendale & Merritt,St. Catharines,533205,115275,182800,POINT (-79.215152 43.136909)
253,Lawrence & Don Mills,Toronto-North York,130796,141750,82700,POINT (-79.346141 43.736328)
254,Tupper & King St,Millbrook,216230,15000,NULL,POINT (-78.448556 44.152089)
255,Main & Bronte St,Milton,353437,10125,18750,POINT (-79.887433 43.508683)
256,Hwy 17 & Imperial N & S,Massey,74294,7500,8750,POINT (-82.077072 46.211956)
258,Queen & Spragge,Manitowaning,48264,7500,NULL,POINT (-81.806883 45.744635)
259,Hwy 12 Sturgeon Bay Rd & Coldwater Rd,Coldwater,NULL,NULL,6750,POINT (-79.643273 44.706217)
260,10th St & 22nd Ave,Hanover,263843,24375,36500,POINT (-81.005478 44.155337)
261,Nichols & Water,Lakefield,77099,6000,NULL,POINT (-78.270441 44.421208)
262,Heritage Hwy 4 & 2,Iroquois,15136,7500,NULL,POINT (-75.316066 44.849493)
263,Hwy 2 & Green Rd,Bowmanville,363366,47250,47050,POINT (-78.712948 43.910332)
264,Main & Market St,Lucan,13244,3000,NULL,POINT (-81.40542 43.189028)
265,Hwy 50 & King Side Rd,Bolton,289277,54250,124000,POINT (-79.713523 43.862874)
267,Elizabeth & Mill St,Creemore,180978,NULL,NULL,POINT (-80.103786 44.325607)
268,Hwy 6 & Haddington St,Caledonia,67413,18750,24000,POINT (-79.960103 43.064002)
269,Markham & Lawrence (Cedarbrae Mall),Toronto-Scarborough,90224,6000,33550,POINT (-79.232619 43.757942)
270,Huron Rd & Suncoast Dr E,Goderich,333308,16500,22000,POINT (-81.688327 43.729113)
271,Albert & Josephine,Wingham,46394,15000,NULL,POINT (-81.309569 43.891445)
272,Elgin & Superior St,White River,68028,NULL,2800,POINT (-85.280253 48.590535)
273,Main St N & Hwy 8 W,Seaforth,168570,17250,7500,POINT (-81.392104 43.554741)
274,Main & East St,Zurich,87532,15750,NULL,POINT (-81.618875 43.421454)
275,Main St & Wellington,Exeter,127710,3000,NULL,POINT (-81.481383 43.352493)
276,Hwy 23 & 86,Listowel,159062,17250,12000,POINT (-80.967868 43.73224)
277,Victoria & Main St,Forest,155617,15000,25500,POINT (-82.00093 43.096459)
278,E.c. Row & Manning,Tecumseh,229852,39750,129750,POINT (-82.867846 42.305608)
279,Keele & Lawrence (North Park Plaza),Toronto-North York,364210,57375,125100,POINT (-79.476349 43.708487)
280,Monroe Cres & First St,Elk Lake,38340,7500,NULL,POINT (-80.338236 47.732113)
281,King & Sturgeon St,Omemee,58194,NULL,NULL,POINT (-78.559396 44.298734)
282,Hwy 4 & Hwy 8,Clinton,128183,21750,NULL,POINT (-81.537781 43.619947)
283,Brock & Bay St,Tobermory,89460,13500,NULL,POINT (-81.662331 45.255077)
284,Bruce Rd 10 & First Ave,Chesley,143837,15000,NULL,POINT (-81.096343 44.303185)
285,Hwy 11 & Hwy 71,Emo,5680,NULL,NULL,POINT (-93.830154 48.633393)
286,Main & Jasperson,Kingsville,251026,41250,27750,POINT (-82.721484 42.038229)
287,Lasalle & Barrydowne (Supermall),Sudbury,294516,66750,51100,POINT (-80.942472 46.521143)
288,Mapleview & Bryne Dr,Barrie,387581,52500,207100,POINT (-79.690508 44.337044)
289,Wellington St & Parkview D,St. Marys,57233,11250,NULL,POINT (-81.143045 43.260993)
290,Hwy 522 & Loring Rd,Port Loring,5203,NULL,NULL,POINT (-79.985582 45.916035)
293,Hwy 6 & 9,Arthur,184092,7500,NULL,POINT (-80.533748 43.828141)
294,Currie & Mckellar St,Glencoe,120420,15000,12000,POINT (-81.712869 42.746855)
295,Dundas & Jane,Toronto-Central,469256,86625,148150,POINT (-79.488857 43.666103)
296,Main St & Mill St,Milverton,150941,15000,2250,POINT (-80.925532 43.560979)
297,Young & Queen,Acton,115186,3375,NULL,POINT (-80.030937 43.634405)
298,Broadway & Townline,Orangeville,471168,6750,37150,POINT (-80.087392 43.921029)
299,Alice Street & St James Stret South,Waterford,77819,15000,1500,POINT (-80.293521 42.933728)
300,9th Ave & 16th St,Owen Sound,287740,76000,43000,POINT (-80.925958 44.574096)
301,Queen & Ottawa,Almonte,23186,NULL,18750,POINT (-76.193253 45.228398)
302,Hwy 6 & 89,Mount Forest,55341,6750,NULL,POINT (-80.735317 43.979765)
303,Hwy 43 & Queen St,Chesterville,184994,6000,NULL,POINT (-75.236764 45.101476)
304,Hwy 2 & Dundas St,Cardinal,116278,NULL,6000,POINT (-75.382468 44.788355)
305,Albert St & Hwy 35,Coboconk,70760,NULL,NULL,POINT (-78.798766 44.658301)
306,Hwy 121 & Colbourne St,Fenelon Falls,NULL,NULL,1500,POINT (-78.738368 44.537622)
307,Hwy 503 & Hwy 121,Kinmount,69546,NULL,NULL,POINT (-78.652935 44.784462)
308,St. Isidore & Main St,St. Isidore,21767,NULL,2100,POINT (-74.906169 45.388587)
309,Hwy 43 S & 417 N,Maxville,77141,NULL,NULL,POINT (-74.854704 45.287733)
310,Wonderland & Oxford,London,348503,86700,92500,POINT (-81.293082 42.985575)
311,Yonge & Brookland,Aurora,63156,55500,109150,POINT (-79.465497 43.989193)
312,Primeway & Woodlawn,Welland,67175,27100,28000,POINT (-79.227546 43.014899)
313,Mosley & Second,Wasaga Beach,194999,7500,66000,POINT (-80.020667 44.521529)
314,Hwy 512 & 62,Killaloe,33110,5250,NULL,POINT (-77.416195 45.555157)
315,Hwy 17 & Tower Rd,Vermilion Bay,43516,NULL,NULL,POINT (-93.37668 49.857343)
316,Elgin St & Main St,Athens,62436,NULL,NULL,POINT (-75.950869 44.626357)
317,Hwy 4 & 6,Durham,48719,7500,NULL,POINT (-80.818647 44.176011)
318,Burleigh & Wellington,Apsley,87330,NULL,9750,POINT (-78.086427 44.753862)
319,Ottawa St & Haycreek Rd,Whitney,21285,24750,NULL,POINT (-78.238291 45.492535)
320,Overlea & Millwood (East York Twn Ctr),Toronto-Central,57871,9200,6750,POINT (-79.345588 43.706395)
321,Britannia & Queen (Streetsville),Mississauga,77673,2625,23250,POINT (-79.717738 43.582757)
322,Hwy 64 & 535,Noelville,12298,NULL,NULL,POINT (-80.431114 46.139925)
323,Hwy 69 & 644,Pointe Au Baril,58188,NULL,39000,POINT (-80.37376 45.595835)
324,Carling & Kirkwood (Hampton Park),Ottawa,112580,13125,15000,POINT (-75.739381 45.386401)
325,Speedvale & Stevenson,Guelph,652620,37500,83050,POINT (-80.257098 43.567376)
326,Hwy 5 & Hwy 6,Waterdown,193877,94425,95450,POINT (-79.911195 43.316189)
327,Hwy 69 N & Elmview Dr,Hanmer,50138,NULL,15000,POINT (-80.988345 46.651742)
328,Main & Huron St,Watford,168924,7500,NULL,POINT (-81.87851 42.946976)
329,Steeles & Hwy 410 (Orion Gate),Brampton,205843,57375,162500,POINT (-79.71936 43.67786)
330,Bridge & Carlow St,Port Stanley,NULL,NULL,18000,POINT (-81.215073 42.664676)
331,Nelson & Sykes St,Meaford,53922,NULL,2250,POINT (-80.59322 44.607515)
332,Quebec & Railroad St,Nakina,4615,NULL,13500,POINT (-86.709824 50.178307)
333,Bay & King (First Canadian Place),Toronto-Central,NULL,40125,NULL,POINT (-79.382178 43.64857)
334,Winston Churchill & Aquitaine/battleford,Mississauga,434637,57750,157250,POINT (-79.758153 43.581877)
335,Hwy 17 & Oliver Rd,Kakabeka Falls,34080,NULL,NULL,POINT (-89.614587 48.401442)
336,Hwy 518 & Main St,Kearney,NULL,NULL,8750,POINT (-79.223887 45.55561)
337,Thompson St & St. Clair Parkway,Courtright,7095,NULL,NULL,POINT (-82.472965 42.820428)
339,Montreal & St. Andrew,Mitchell,51447,15000,3750,POINT (-81.195866 43.467811)
340,Woodbine & Arlington,Keswick,347902,11250,58900,POINT (-79.450846 44.234093)
341,Spadina Rd & Lonsdale Rd,Toronto-Central,4257,84750,36750,POINT (-79.412897 43.68894)
343,Lansdowne E & Ashburnham,Peterborough,200558,3750,16500,POINT (-78.290023 44.293113)
344,Hwy 24 & Hwy 401,Cambridge,200603,7350,123500,POINT (-80.324554 43.419435)
345,Victoria & Edna,Kitchener,389996,32250,48000,POINT (-80.474245 43.460617)
346,Hwy 7 & Weston,Woodbridge,72387,180000,479150,POINT (-79.548541 43.791022)
347,Victoria St & Parry Sound,Rosseau,58179,NULL,NULL,POINT (-79.640161 45.257571)
348,Talbot St (Main) & Hwy 3,Blenheim,58652,NULL,NULL,POINT (-81.998426 42.333479)
349,Hwy 34 & Mill St,Vankleek Hill,34056,24000,3750,POINT (-74.652612 45.518108)
350,Furnival Rd & Queen St,Rodney,NULL,NULL,15750,POINT (-81.683625 42.568782)
351,North Augusta & Parkdale,Brockville,267449,66750,123750,POINT (-75.688395 44.611199)
352,Hwy 15 & Perth St,Elgin,39259,NULL,NULL,POINT (-76.228193 44.611684)
353,Main St & Ramona Ave,Markham,132141,3000,7500,POINT (-79.261589 43.883252)
354,Hwy 7 & 8,New Hamburg,37367,7500,NULL,POINT (-80.712122 43.386688)
355,Bayview & Sheppard (Bayview Village),Toronto-North York,276792,184150,166800,POINT (-79.384523 43.769818)
358,Chemong & Milroy (Portage Place),Peterborough,264394,70500,76500,POINT (-78.33922 44.33057)
359,Great Northern & Second Line,Sault Ste. Marie,370639,66750,71750,POINT (-84.318696 46.544079)
360,Wilson & Dufferin,Toronto-North York,296390,138000,227550,POINT (-79.454742 43.732711)
361,Rymal & Upper Centennial Pkwy,Stoney Creek,187451,5000,70100,POINT (-79.777475 43.174595)
362,Albion & Kipling (Albion Mall),Toronto-Etobicoke,110697,75375,59300,POINT (-79.58492 43.741296)
363,Lakeshore & Marshall Park,North Bay,122281,NULL,15750,POINT (-79.443499 46.272552)
364,Trent St & Mill St,Frankford,NULL,21750,28500,POINT (-77.596785 44.201521)
366,Martingrove & The Westway,Toronto-Etobicoke,211446,7500,58500,POINT (-79.564741 43.683343)
367,Howard & E.c. Row Expwy (Roundhouse Ctr),Windsor,335695,31500,291150,POINT (-83.005792 42.27416)
368,Bank & Findlay Creek,Ottawa,48966,5625,14250,POINT (-75.595315 45.318941)
369,Queen & Arthur,Harriston,132970,14250,7500,POINT (-80.870413 43.914176)
370,Malden Rd & Elmdale Ave,Lasalle,289280,36750,95750,POINT (-83.060377 42.249309)
371,Southdown & Royal Windsor (Clarkson),Mississauga,188505,14625,165150,POINT (-79.632494 43.508082)
372,Hwy 3 & Kent Rd,Wheatley,88029,NULL,NULL,POINT (-82.453234 42.096998)
373,Lynden & Wayne Gretzky Pkwy,Brantford,212146,25125,61000,POINT (-80.24027 43.172631)
374,Hwy 81 & 7,Parkhill,101722,7500,NULL,POINT (-81.683157 43.165007)
375,Old Hwy 17 & Hwy 17,Plantagenet,96965,7500,NULL,POINT (-74.991629 45.539799)
377,Hwy 7 & Hwy 38,Sharbot Lake,22704,5250,NULL,POINT (-76.682527 44.797058)
378,Gibb & Stevenson (Oshawa Centre),Oshawa,343220,55125,87250,POINT (-78.875836 43.887284)
380,Hwy 2 & Church St,Colborne,76680,6750,NULL,POINT (-77.889212 44.005647)
381,Fairway & Manitou,Kitchener,105952,4650,55500,POINT (-80.451545 43.4192)
382,Cedar & St Andrew (Westgate Centre),Cambridge,53223,6000,23250,POINT (-80.329675 43.352685)
383,Dufferin & Major Mackenzie,Vaughan,76869,101625,122050,POINT (-79.488204 43.860582)
384,Metcalfe & Isabella,Ottawa,723916,17250,24000,POINT (-75.685463 45.410699)
385,Mavis & Britannia (Heartland Town Ctr),Mississauga,229643,84000,280700,POINT (-79.688563 43.61306)
386,Hwy 47 & Brock Rd N,Uxbridge,184266,60000,11950,POINT (-79.134989 44.086926)
387,Hwy 11 N & Hwy 17 W,North Bay,72378,69000,67500,POINT (-79.467049 46.330624)
388,Robertson & Stafford (Bells Corners),Ottawa-Nepean,317904,23625,81500,POINT (-75.816707 45.33018)
389,Queen Mary & Bath,Kingston,244305,18000,12000,POINT (-76.542817 44.239286)
390,Mccowan & Hwy 7,Markham,177022,74275,212800,POINT (-79.281836 43.874134)
391,Yonge St & Green Lane,East Gwillimbury,430991,77250,146450,POINT (-79.482134 44.074053)
392,Vansickle & Fourth,St. Catharines,119196,7700,46600,POINT (-79.269515 43.151753)
393,Richmond & Fanshawe Pk (Masonville),London,447319,23625,209750,POINT (-81.27371 43.027196)
394,Carling & Woodroffe (Fairlawn Plaza),Ottawa,368489,30750,74850,POINT (-75.769941 45.370018)
395,Rr 55 & Rr 1,Lively,206228,NULL,8750,POINT (-81.14336 46.422817)
397,Major Mackenzie & Weston,Vaughan,191812,88500,140200,POINT (-79.555689 43.844922)
398,Burnhamthorpe & Hwy 427,Toronto-Etobicoke,75216,116250,306350,POINT (-79.576202 43.642134)
399,Hwy 117 & 35,Dorset,89436,NULL,NULL,POINT (-78.893521 45.246182)
400,St. Laurent & Smyth (Elmvale),Ottawa,39732,6000,NULL,POINT (-75.62477 45.399256)
401,Portage Rd & Colborne E,Niagara Falls,362344,84200,107900,POINT (-79.098626 43.118836)
402,Dundas St E & Herchimer St,Belleville,196798,NULL,NULL,POINT (-77.35656 44.167307)
403,Hwy 118 & Medora St,Port Carling,29326,265500,56100,POINT (-79.579046 45.120953)
404,Main St & Mostar St,Stouffville,161062,100500,93650,POINT (-79.264833 43.968117)
405,St. Agnes & Notre Dame,Azilda,NULL,NULL,7000,POINT (-81.118177 46.551696)
406,Simcoe Rd 10 & Commerce Rd,Angus,83968,24000,25500,POINT (-79.890455 44.329193)
407,Regent St & Long Lake Rd,Sudbury,463540,110100,129100,POINT (-81.004646 46.441463)
408,Jane & Finch (York Gate Mall),Toronto-North York,24123,NULL,53450,POINT (-79.519274 43.758887)
409,Hwy 637 & Channel St,Killarney,NULL,7500,6750,POINT (-81.511596 45.970298)
411,Yonge & Wellesley,Toronto-Central,129327,58875,125250,POINT (-79.384245 43.664461)
412,Hunt Club & Merivale (Nepean Crossroads),Ottawa-Nepean,206884,129800,108200,POINT (-75.727821 45.334306)
413,Hwy 19 & County Rd 42,Port Burwell,34812,7500,NULL,POINT (-80.806491 42.646291)
414,Hwy 14 & Victoria,Stirling,72417,6750,6750,POINT (-77.549103 44.299473)
415,Royal York & Dundas (Humbertown),Toronto-Etobicoke,280360,163500,65950,POINT (-79.518033 43.661292)
416,Dixie & Hwy 7 (Bramalea City Centre),Brampton-Bramalea,194458,46875,239000,POINT (-79.723509 43.712149)
417,King N & Northfield,Waterloo,288238,126000,163250,POINT (-80.533908 43.501119)
418,Main & Millwood,Erin,51084,NULL,NULL,POINT (-80.061036 43.76842)
419,Hwy 10 19 & 24,Shelburne,53449,NULL,NULL,POINT (-80.190564 44.081322)
420,Bloor & Runnymede (Bloor W Village),Toronto-Central,145965,57750,29750,POINT (-79.474313 43.651766)
421,Hwy 17 & 561,Bruce Mines,8520,NULL,NULL,POINT (-83.788274 46.301174)
423,Hwy 3 & King St,Lansdowne,18920,NULL,NULL,POINT (-76.018404 44.400403)
424,Main & Bay St,Moosonee,17028,NULL,NULL,POINT (-80.646483 51.274234)
425,Bloor & Tomken Rd,Mississauga,49533,3375,83800,POINT (-79.601499 43.611589)
426,Queensway & Islington,Toronto-Etobicoke,109561,7500,98750,POINT (-79.518123 43.623237)
427,St. Clair & Pioneer Line,Chatham,356907,28500,141750,POINT (-82.219818 42.431646)
428,Morningside & 401,Toronto-Scarborough,39732,6750,135000,POINT (-79.204709 43.796802)
429,King St & Park St,Burford,125658,NULL,NULL,POINT (-80.427241 43.103005)
430,King St & Indian Line,Hagersville,24133,15000,18750,POINT (-80.050147 42.963407)
431,Woodroffe & Baseline (College Square),Ottawa-Nepean,123481,64500,86150,POINT (-75.758589 45.35115)
432,Taunton & Brock,Whitby,216404,103125,140700,POINT (-78.960232 43.915717)
433,Hwy 508 & Mill St,Calabogie,2838,NULL,NULL,POINT (-76.731283 45.294299)
434,Whites & Kingston (Hwy 2),Pickering,245258,26250,116250,POINT (-79.113145 43.818841)
435,Hwy 2 & Moulinette Rd,Long Sault,93181,3750,10500,POINT (-74.894879 45.029104)
436,Derry Rd & Goreway Dr,Mississauga,110209,NULL,48850,POINT (-79.636611 43.719396)
437,3rd Line & Rebecca (Hopedale Mall),Oakville,217218,12375,44250,POINT (-79.706257 43.411219)
438,Wonderland & Southdale (Power Centre),London,281121,82050,22250,POINT (-81.280232 42.937682)
439,Colborne St & Campbell St,Portland,22231,8250,NULL,POINT (-76.188894 44.698698)
440,Inglis St & Willoughby St,Lucknow,80931,15000,NULL,POINT (-81.515823 43.959391)
441,Hwy 417 & St. Albert St,Casselman,33110,23250,15000,POINT (-75.082647 45.308057)
442,Truelove St - At A Dead End,Cobden,96998,1875,NULL,POINT (-76.886549 45.627543)
443,Blair & Ogilvie,Ottawa-Gloucester,178770,175125,108250,POINT (-75.608824 45.433671)
444,Kennedy & Sheppard (Agincourt Mall),Toronto-Scarborough,118610,15750,42750,POINT (-79.289742 43.784748)
445,Dundas & Trafalgar (Oak Park),Oakville,342509,191625,259150,POINT (-79.719921 43.485081)
446,Hwy 8 & Ontario St,Beamsville,121335,15000,15750,POINT (-79.47595 43.166706)
447,Hwy 648 & Esson Rd,Wilberforce,68160,NULL,NULL,POINT (-78.225147 45.036621)
448,Hwy 69 & Muskoka Rd 5,Honey Harbour,36894,NULL,NULL,POINT (-79.822416 44.868637)
449,Main & Prince Edward Dr,Wellington,96965,6750,18000,POINT (-77.365314 43.949099)
450,County Rd 9 & Hwy 10,Dundalk,8514,NULL,NULL,POINT (-80.379855 44.178136)
452,Avenue & Lawrence,Toronto-North York,177342,205550,222100,POINT (-79.419446 43.730987)
453,Leslie & Davis,Newmarket,381209,54750,60100,POINT (-79.430294 44.062447)
454,Iving & Goderich St,Port Elgin,293995,12000,62500,POINT (-81.397592 44.426714)
455,Carp Rd & Hwy 17,Carp,49682,3000,22500,POINT (-76.03782 45.344742)
456,Mountainview Rd & Argyll Rd,Georgetown,177390,10125,20250,POINT (-79.877025 43.631164)
457,Yonge & Eglinton (Yonge Eglinton Ctr),Toronto-Central,202288,48225,14400,POINT (-79.400041 43.707278)
458,Hurontario & Dundas (Hwys 10 & 5),Mississauga,57510,5250,115750,POINT (-79.621378 43.58273)
459,Exmouth & Lambton Mall Rd,Sarnia,165521,31350,47750,POINT (-82.346646 42.986497)
460,Hwy 42 & Main St,Delta,NULL,18750,NULL,POINT (-76.120935 44.612085)
461,Metcalfe & Mill St,Elora,122980,10600,6750,POINT (-80.428891 43.680019)
462,Hwy 20 & Industrial Park Rd,Smithville,49880,14250,NULL,POINT (-79.537957 43.09534)
463,Hwy 11 & King St,Mattice,13723,NULL,7500,POINT (-83.259752 49.611265)
464,Manitoba & Winnipeg St,Schreiber,51471,NULL,NULL,POINT (-87.264104 48.807961)
465,Harmony & Taunton (Harmony Shopping Ctr),Oshawa,236908,63375,47250,POINT (-78.844016 43.942808)
466,Philipe St & Hwy 17,Alfred,103114,15000,7500,POINT (-74.889832 45.556377)
467,Lakeshore Rd & Geneva St,St. Catharines,110007,21750,23250,POINT (-79.243746 43.204704)
468,Ward St & Causeway,Bridgenorth,51084,NULL,NULL,POINT (-78.383232 44.381869)
469,Hwy 169 & Hwy 11,Washago,264792,6750,22800,POINT (-79.336768 44.753422)
470,Worthington & Bovaird,Brampton,141427,3000,133200,POINT (-79.816331 43.683127)
471,Hwy 48 & Kirkfield Rd (County Rd 6),Kirkfield,91310,NULL,NULL,POINT (-78.982705 44.561861)
472,Main & Church St,Warkworth,56314,NULL,6750,POINT (-77.886495 44.201904)
473,Hwy 17 N,Goulais River,51120,NULL,6750,POINT (-84.349209 46.733879)
474,Baybridge Rd & Hwy 28,Rossmore,99592,6750,NULL,POINT (-77.38266 44.137691)
475,George St & Mill St,Sydenham,35948,17250,NULL,POINT (-76.597204 44.410098)
476,Hwy 41 & 28,Denbigh,8514,7500,NULL,POINT (-77.266844 45.128207)
477,Hwy 27 & Sheardown Rd,Nobleton,228010,48000,45950,POINT (-79.652153 43.908167)
478,Hwy 62 & 127 N,Maynooth,58203,NULL,NULL,POINT (-77.936555 45.231182)
479,George & Clarence St,Lanark,61987,NULL,NULL,POINT (-76.365142 45.018344)
481,Fairview & Maple (Maple Mews),Burlington,270679,37875,98100,POINT (-79.818948 43.330691)
482,Hwy 400 & Port Severn Rd,Port Severn,26015,NULL,NULL,POINT (-79.716765 44.804643)
483,Front & Bay (Royal Bank Plaza),Toronto-Central,53922,44250,17850,POINT (-79.380152 43.646527)
484,Korah Rd & Second Line,Sault Ste. Marie,182352,NULL,14250,POINT (-84.365473 46.536837)
485,Coxwell Ave & O'connor,Toronto-Central,384324,106175,125900,POINT (-79.328859 43.696878)
486,Cornwall & Trafalgar,Oakville,403473,499500,106850,POINT (-79.678496 43.457771)
487,Hwy 17 & James St,Iron Bridge,76626,NULL,NULL,POINT (-83.214167 46.277089)
488,Hwy 535 & King St,St. Charles,176998,NULL,NULL,POINT (-80.415143 46.362694)
489,King & Church,Newcastle,249883,6750,60750,POINT (-78.58988 43.916342)
490,Tecumseh & Lauzon,Windsor,315973,29250,252750,POINT (-82.938778 42.315283)
491,Ira Needles & Highland,Kitchener,217937,31450,99750,POINT (-80.554074 43.425411)
492,Landsdown & Main St,Callander,96052,NULL,23250,POINT (-79.365258 46.222824)
494,Dundas & Winston Churchill (Woodchester),Mississauga,251367,12000,139550,POINT (-79.674557 43.527915)
495,Scottsdale & Stone Rd W,Guelph,250169,3375,27000,POINT (-80.239432 43.514116)
496,Perth St & Eagleson Rd,Richmond,105771,NULL,1500,POINT (-75.842545 45.193561)
497,Guelph Line & Upper Middle Rd,Burlington,259717,38675,62050,POINT (-79.821629 43.367035)
499,Strandherd & Greenbank (Barrhaven),Ottawa-Nepean,371097,124375,213100,POINT (-75.741798 45.268906)
500,Bank & Holmwood (Lansdowne Pk),Ottawa,459015,31125,119350,POINT (-75.685693 45.399647)
501,Dawson & Hwy 11/17 (Landmark Inn),Thunder Bay,199696,58125,60400,POINT (-89.251311 48.452022)
502,Hwys 2 & 4 (Lambeth),London,127786,NULL,33000,POINT (-81.297515 42.90956)
503,Main & Buckshot St,Plevna,23783,NULL,NULL,POINT (-76.985263 44.960931)
504,Hwy 7 & 45,Norwood,139101,7500,NULL,POINT (-77.981275 44.381446)
505,Hwy 10 & Eglinton,Mississauga,181801,54000,122600,POINT (-79.653093 43.608283)
506,10th Ave & 10th St,Earlton,40825,NULL,NULL,POINT (-79.82462 47.710781)
507,Regional Rd 86 (Falconbridge Hwy),Garson,19866,NULL,NULL,POINT (-80.876551 46.548996)
509,Hwy 20 & Rice Rd,Fonthill,202218,31500,13500,POINT (-79.278253 43.047778)
510,Hwy 59,Langton,197735,15000,31250,POINT (-80.58003 42.745567)
511,Front & Spadina,Toronto-Central,322793,13500,535400,POINT (-79.394611 43.645332)
512,Yonge & Bloor (Hudson Bay Centre),Toronto-Central,32411,3375,6000,POINT (-79.385919 43.67083)
513,Hwy 26 & Airport Rd,Stayner,36894,NULL,8250,POINT (-80.094378 44.41544)
514,Hwy 520 & Spark St,Magnetawan,21300,NULL,NULL,POINT (-79.642827 45.664873)
515,Bank & Riverside (Billingsbridge),Ottawa,40988,NULL,6750,POINT (-75.67599 45.386187)
516,Brunel Rd & Regional Rd 117,Baysville,54395,NULL,NULL,POINT (-79.119253 45.148186)
517,Manitou Cres & Sherwood Ave,Amherstview,NULL,7500,1500,POINT (-76.644927 44.219366)
519,Hwy 17 E & Church St,Echo Bay,85200,NULL,NULL,POINT (-84.071099 46.48566)
520,Hwy 15 & 32,Seeley's Bay,12352,NULL,NULL,POINT (-76.238092 44.474011)
521,Rideau Valley Dr & County R,Ottawa-Manotick,32646,16500,10500,POINT (-75.682882 45.223493)
522,Geneva & Scott (Fairview Mall),St. Catharines,277080,125550,131050,POINT (-79.242217 43.178879)
523,Bathurst & Centre (The Promenade),Thornhill,128073,124700,216150,POINT (-79.450057 43.808412)
524,Hwy 17 & 535,Hagar,52509,NULL,NULL,POINT (-80.415887 46.454616)
526,Bank & Mcleod,Ottawa,156563,3750,60000,POINT (-75.693019 45.411435)
527,Hamilton Rd & Oakwood Dr,Dorchester,46833,NULL,15750,POINT (-81.048852 42.985145)
528,Bay & Bloor (Manulife Centre),Toronto-Central,236923,186750,138000,POINT (-79.388134 43.669186)
529,Hwy 9 & Tottenham Rd,Tottenham,225868,NULL,39200,POINT (-79.803837 44.019869)
530,William St & Hope St,Tavistock,172607,15000,12000,POINT (-80.83923 43.320393)
532,Front St & Jarvis St,Toronto-Central,282912,172875,79750,POINT (-79.372204 43.648832)
533,Lawrence & Pt Union Rd,Toronto-Scarborough,90278,3750,19500,POINT (-79.138816 43.779723)
534,Dundas & Bloor (Roncesvalles),Toronto-Central,210371,170250,93550,POINT (-79.450751 43.655339)
536,Major Mackenzie & Jane,Maple,243524,71250,192750,POINT (-79.534514 43.849132)
537,Arthur St W & Elma St N,Thornbury,334237,9750,24000,POINT (-80.456422 44.56323)
538,Rideau & Colonel By Dr (Rideau Centre),Ottawa,40688,3000,NULL,POINT (-75.691346 45.425672)
539,Tecumseh & Huron Line (Ambassador Plaza),Windsor,296000,10500,70000,POINT (-83.057322 42.287819)
540,Cumberland St & Ninth St W,Cornwall,181159,29250,65750,POINT (-74.74604 45.02481)
541,Country Rd 16 & Turnberry St,Brussels,63900,20250,NULL,POINT (-81.250594 43.742657)
542,Dundas & Mavis,Mississauga,92851,54375,150250,POINT (-79.631294 43.568007)
544,Ottawa & River (Stanley Park Plaza),Kitchener,204204,25100,71300,POINT (-80.44389 43.449534)
545,Centennial & Queenston (Eastgate Sq),Stoney Creek,352135,22500,159850,POINT (-79.763353 43.231879)
546,Don Mills & Sheppard (Fairview Mall),Toronto-North York,66451,49975,54750,POINT (-79.344984 43.778596)
547,Nepean St & Elgin St,Ottawa,45538,66750,27000,POINT (-75.692859 45.419751)
548,Caesar Rd & Main St (Hwy 74),Belmont,NULL,14250,12000,POINT (-81.084692 42.882252)
549,Highland & Westmount (Highland Rd Plaza),Kitchener,355203,26625,72750,POINT (-80.510003 43.439161)
550,Mill Rd & Hwy 21,Bayfield,147889,NULL,NULL,POINT (-81.691447 43.555135)
551,Walkers Line & Dundas St,Burlington,318357,103875,96750,POINT (-79.823983 43.392909)
552,Hwy 64 & 575,Val Caron,24366,NULL,8750,POINT (-81.00666 46.612928)
553,Queensway & 427 (Near Sherway),Toronto-Etobicoke,221976,127875,143250,POINT (-79.557711 43.614667)
554,Yonge St & Stouffville Rd,Richmond Hill,193088,91125,243700,POINT (-79.451574 43.9271)
555,Airport & Bovaird,Brampton,179282,9825,142050,POINT (-79.721233 43.761869)
556,Terry Fox & Campeau,Ottawa-Kanata,332885,142125,88500,POINT (-75.921198 45.310769)
557,Hwy 35 & 60,Dwight,74300,NULL,NULL,POINT (-78.994228 45.322098)
558,Florence & Main St W,Norwich,87978,15000,NULL,POINT (-80.605137 42.986185)
559,King George Rd & Powerline Rd,Brantford,165568,5625,NULL,POINT (-80.281067 43.183198)
560,John & Albert St,Victoria Harbour,15609,NULL,NULL,POINT (-79.776052 44.750948)
561,Kings Hwy 36 & 507,Buckhorn,51120,NULL,15750,POINT (-78.34912 44.556885)
562,Hwy 12 & Cameron St E,Cannington,41636,NULL,8250,POINT (-79.03771 44.350178)
563,Rossland & Wilson,Oshawa,77819,2250,8250,POINT (-78.849389 43.919396)
564,Victoria Park & Finch,Toronto-Scarborough,217596,20625,45750,POINT (-79.329518 43.794196)
566,Fairview & Walkers Line(Woodview Place),Burlington,214530,15750,55300,POINT (-79.785752 43.355415)
567,Hwy 2 & 21,Thamesville,64349,7500,NULL,POINT (-81.983511 42.554901)
568,Yonge & Dundas (Atrium On Bay),Toronto-Central,149880,65625,79500,POINT (-79.38154 43.656375)
569,Hazeldean & Main,Stittsville,255644,85500,15600,POINT (-75.931569 45.272075)
570,Water & Mill St,Warsaw,183138,3750,NULL,POINT (-78.137576 44.430744)
571,King & Bay (Jackson Sq),Hamilton,192758,18000,39000,POINT (-79.869252 43.257188)
573,Appleby & Upper Middle Rd (Millcroft),Burlington,372672,12000,124950,POINT (-79.791656 43.393276)
575,Wellington & Bradley,London,343671,65950,178500,POINT (-81.224335 42.934883)
576,Hwy 17 & 2nd Ave,Coniston,78518,12750,8750,POINT (-80.846237 46.494454)
578,Main St & Hwy 31,Winchester,15136,NULL,14250,POINT (-75.361153 45.090752)
579,Hwy 12b & 11,Orillia,481106,102000,67250,POINT (-79.439299 44.609442)
580,Hwy 7 & Birchmount/village Pkwy,Markham,155978,96375,90300,POINT (-79.322762 43.856606)
581,Hwy 12 & Gladstone Ave,Brechin,188757,1500,NULL,POINT (-79.175247 44.544743)
582,Main & Sauble Falls Pkwy,Sauble Beach,40678,NULL,NULL,POINT (-81.263301 44.630174)
583,Hwy 9 & 25,Grand Valley,57733,12000,NULL,POINT (-80.31515 43.898319)
584,Mccowan & Finch (Woodside Square),Toronto-Scarborough,50138,3750,57750,POINT (-79.270122 43.808387)
585,Markham Rd & Bur Oak,Markham,172131,88500,49000,POINT (-79.26682 43.902147)
586,Ferry & Stanley,Niagara Falls,269001,23875,104050,POINT (-79.083271 43.089732)
587,Thickson & Dundas,Whitby,428571,66375,84000,POINT (-78.912676 43.884553)
588,Hwy 17 W & Cote St,Verner,63900,14250,NULL,POINT (-80.128866 46.413394)
589,Orleans & Jeanne D'arc (Convent Glen),Ottawa-Orleans,17028,NULL,19500,POINT (-75.537158 45.479757)
590,Hwy 7 & Woodbine,Markham,323421,94875,859250,POINT (-79.356244 43.849736)
591,Se Corner Oil Heritage & Lambton County,Reeces Corners,6622,NULL,NULL,POINT (-82.120257 42.978911)
593,Commissioners W & Boler (Byron),London,75991,7400,31500,POINT (-81.330953 42.958102)
594,Rice Lake Dr & Lake St,Bewdley,38801,NULL,NULL,POINT (-78.321134 44.089264)
595,Hwy 124 & Hwy 520,Dunchurch,65274,NULL,750,POINT (-79.853979 45.645036)
596,Hwy 48 & Pefferlaw Rd,Pefferlaw,122980,6750,7500,POINT (-79.204572 44.314384)
597,Beachburg Rd & Lapasse Rd,Beachburg,14190,NULL,NULL,POINT (-76.863643 45.736012)
598,St. Laurent & Queensway,Ottawa,62935,9000,6750,POINT (-75.638495 45.42299)
599,Church St & Airport Rd,Caledon,72616,3250,9500,POINT (-79.867195 43.869953)
601,Mavis & Steeles,Brampton,53449,4125,123850,POINT (-79.755194 43.645438)
602,Arthur St W & Neebing W,Thunder Bay,352067,50625,57500,POINT (-89.306642 48.381438)
604,Hwy 69 & 64,Alban,34080,NULL,NULL,POINT (-80.63249 46.104286)
605,Innisfil Beach Rd & 20th Sr,Innisfil,174110,63375,89350,POINT (-79.574288 44.30848)
607,Hwy 503 & 507,Gooderham,34074,NULL,NULL,POINT (-78.380441 44.906736)
609,Elgin St W & Rogers Rd,Cobourg,271838,119150,33000,POINT (-78.20209 43.970393)
610,Industrial Rd & Clinton St,Teeswater,96079,16700,NULL,POINT (-81.285127 43.993415)
611,John & Manvers E,Pontypool,8514,15000,NULL,POINT (-78.628631 44.100444)
612,Hwy 27 & 9,Schomberg,57706,50,700,POINT (-79.677855 44.003665)
613,Hwy 124 & Paget St,Sundridge,26488,NULL,32250,POINT (-79.393853 45.770328)
614,Carlton & Church,Toronto-Central,238601,88125,64500,POINT (-79.380276 43.662111)
615,County Rd 3 & 10,Paisley,80931,7500,NULL,POINT (-81.273244 44.307375)
616,Ft William & Main (Thunder Centre),Thunder Bay,151506,38600,24000,POINT (-89.23929 48.401843)
617,Ottawa & Homer Watson (Alpine Centre),Kitchener,335434,75750,55250,POINT (-80.482954 43.424257)
618,Steeles & Dufferin,Toronto-North York,77120,51375,115950,POINT (-79.47892 43.78384)
619,Erin Mills & Eglinton,Mississauga,386874,117750,181550,POINT (-79.711446 43.555323)
621,Provincial Hwy 9 & Absalom St,Mildmay,145184,20250,3750,POINT (-81.110673 44.039001)
622,Hwy 4 & 84,Hensall,80437,7500,NULL,POINT (-81.500444 43.44058)
623,Yonge & Hwy 7,Richmond Hill,272714,101700,191550,POINT (-79.429852 43.842391)
624,Innes & Tenth Line,Ottawa-Orleans,593059,406500,196650,POINT (-75.496516 45.456012)
626,Conc 16 & County Rd 26,Lafontaine,12780,NULL,NULL,POINT (-80.052909 44.758582)
627,Dixie & Dundas St E,Mississauga,75265,8625,65550,POINT (-79.579492 43.611843)
629,Major Mackenzie & Leslie,Richmond Hill,118024,89250,95150,POINT (-79.392598 43.880632)
630,Bayview & St John,Aurora,188876,108425,191450,POINT (-79.449008 44.020378)
631,Main St & Thompson Rd,Milton,30278,63000,95900,POINT (-79.867861 43.526687)
632,Hwy 27 & Innovation Dr,Woodbridge,206562,142500,278000,POINT (-79.625249 43.784507)
633,Lakeshore Blvd W & Browns Line,Toronto-Etobicoke,355442,67500,149500,POINT (-79.539334 43.594075)
634,Clair & Gordon,Guelph,165823,18375,15000,POINT (-80.187842 43.501666)
635,Bathurst & Rutherford,Maple,191574,45000,94400,POINT (-79.459419 43.848648)
636,Eglinton & Avenue Rd,Toronto-Central,19866,3000,27800,POINT (-79.409342 43.704246)
637,Steeles & Laureleaf,Toronto-North York,145969,5250,27000,POINT (-79.384177 43.805439)
638,March & Maxwell Bridge,Ottawa-Kanata,377655,21000,127600,POINT (-75.935924 45.358284)
639,College & Bathurst,Toronto-Central,48554,51000,104900,POINT (-79.411828 43.655404)
640,Winston Churchill & 401,Mississauga,18410,49500,57250,POINT (-79.78608 43.597307)
641,Appleby Line & New St,Burlington,521904,192575,165600,POINT (-79.755071 43.368926)
642,Allen Rd & Rimrock,Toronto-North York,229871,10875,88100,POINT (-79.466258 43.758986)
643,York Mills & Leslie (York Mills Gardens),Toronto-North York,174318,114000,98700,POINT (-79.35676 43.754096)
644,Ontario St & C.h. Meir Blvd,Stratford,180705,21000,9750,POINT (-80.944697 43.369923)
645,Wellington & Somerset St W,Ottawa,250056,7500,12750,POINT (-75.722999 45.405793)
646,College & Bay (College Park),Toronto-Central,59845,71625,39750,POINT (-79.38459 43.660505)
647,Bovaird Dr & Great Lakes Dr,Brampton,56287,NULL,NULL,POINT (-79.766015 43.732143)
648,Dufferin & Bloor,Toronto-Central,177865,2625,113800,POINT (-79.436628 43.657397)
649,Bronte St S & Louis St. Laurent,Milton,115637,71250,132700,POINT (-79.858504 43.487136)
650,Bayview & Millwood,Toronto-Central,196768,61500,NULL,POINT (-79.374653 43.704062)
651,Avenue Rd & St. Clair W,Toronto-Central,81632,92675,96750,POINT (-79.399588 43.687084)
652,Kingsway & Barrydowne Rd,Sudbury,422636,61150,130500,POINT (-80.946948 46.500884)
653,King St E & Darlington,Courtice,246995,6375,67250,POINT (-78.808225 43.907064)
654,Division St & John Counter Blvd,Kingston,380562,16500,43250,POINT (-76.500809 44.262724)
655,Mississauga Rd & William Pkwy,Brampton,50858,3750,51000,POINT (-79.816532 43.658325)
656,Queen & Portland,Toronto-Central,79946,6000,26250,POINT (-79.401499 43.647591)
657,Bathurst & Lawrence,Toronto-North York,92717,9000,59000,POINT (-79.430553 43.720122)
658,Leslie & Wellington,Aurora,184943,45675,46500,POINT (-79.417915 44.012654)
660,Kingston & Mccowan,Toronto-Scarborough,250338,1875,51750,POINT (-79.231553 43.724736)
661,Bramalea & Mayfield,Brampton,167689,4500,121850,POINT (-79.778508 43.771517)
665,Hwy 2 & Mcclure Rd,Ancaster,303917,45000,67500,POINT (-80.022116 43.197048)
667,Upper James & Rymal,Hamilton,155589,11625,42000,POINT (-79.893317 43.204921)
668,Dupont St & Christie St,Toronto,62909,6750,15900,POINT (-79.423927 43.671579)
669,Lake Shore & Park Lawn,Toronto-Etobicoke,65283,750,9000,POINT (-79.482883 43.622754)
670,Strandherd Dr & Maravista Dr,Ottawa-Nepean,202847,58125,107375,POINT (-75.782401 45.270518)
671,King Rd & Dufferin St,King City,104631,67700,154750,POINT (-79.506768 43.934505)
672,Hwy 27 & Queens Plate Dr,Etobicoke,61746,11250,92600,POINT (-79.596445 43.72245)
673,Queen & Broadview,Toronto-Central,11352,3000,21000,POINT (-79.347605 43.659637)
674,Glendon & Tunks,Komoka,263434,10500,5250,POINT (-81.422718 42.95201)
675,Lakeshore Blvd E & Leslie St,Toronto,169822,85500,82000,POINT (-79.32844 43.65782)
676,Yonge & Lawrence,Toronto,127237,180375,61000,POINT (-79.404393 43.732528)
677,York & Lake Shore (Maple Leaf Square),Toronto-Central,103400,3000,46500,POINT (-79.380837 43.642219)
679,Niagara Stone Rd & Field Rd,Virgil,136724,4825,NULL,POINT (-79.119505 43.223499)
680,Cope Dr & Terry Fox Dr,Stittsville,125345,6000,15750,POINT (-75.873994 45.276275)
684,Cundles Rd E & Hwy 400,Barrie,137970,7500,19500,POINT (-79.676421 44.414602)
685,Dundas St W & Keele St,Toronto,118281,35250,24000,POINT (-79.462586 43.665261)
686,Beechwood Avenue & Mackay Street,Ottawa-Ottawa,118312,8625,15000,POINT (-75.677427 45.439901)
690,Gorham Rd & Dominion Rd,Fort Erie-Ridgeway,NULL,29250,3000,POINT (-79.059888 42.886269)
691,Homer Watson Blvd & Pioneer Dr,Kitchener,338431,3750,21750,POINT (-80.431005 43.393288)
693,Queen St W & Beverly,Toronto,26961,9375,97300,POINT (-79.392504 43.6498)
694,Innes & Trim Rd,Ottawa-Orleans,227226,82125,106800,POINT (-75.455745 45.46895)
695,Victoria St & Gordon St,Whitby,102168,13875,21750,POINT (-78.94651 43.859391)
697,Queen & Bellefair (Beaches),Toronto-Central,87469,91500,NULL,POINT (-79.300474 43.670246)
698,Square One Dr & Rathburn,Mississauga,121945,6375,176150,POINT (-79.643193 43.597399)
699,Limebank & Spratt,Ottawa,145003,14625,34200,POINT (-75.67199 45.287711)
700,Kennedy & 401 (Kennedy Commons),Toronto-Scarborough,100693,5625,235500,POINT (-79.279695 43.774042)
702,Columbia & Fischer Hallman (Laurelwood),Waterloo,202742,24850,43500,POINT (-80.56861 43.468425)
703,Steeles & Markham,Toronto-Scarborough,89207,63500,511600,POINT (-79.256229 43.835043)
706,Paisley & Imperial,Guelph,136224,48050,33000,POINT (-80.287458 43.523478)
741,Hyde Park & Fanshawe Park Rd,London,325629,84375,203250,POINT (-81.332859 43.009276)
743,Hwy 15 & Waterside Way,Kingston,269437,75750,18000,POINT (-76.451313 44.270289)
744,Big Bay Point Rd & Sea Ray,Innisfil-Friday Harb,69058,NULL,76000,POINT (-79.530902 44.393536)
746,Hwy 400 & Hwy 12,Waubaushene,196813,NULL,15750,POINT (-79.705416 44.749216)
747,9th Line & 407,Markham,94640,4125,59250,POINT (-79.228137 43.868611)
748,Brimley Rd & Progress Ave,Toronto,168880,1500,30750,POINT (-79.263436 43.776659)
749,Maggie Johnson Dr & Rr 56,Binbrook,91298,24750,24000,POINT (-79.800914 43.125068)
751,Bathurst & Lakeshore,Toronto,179491,78375,224350,POINT (-79.399433 43.636938)
753,Simcoe St. N & Winchester,Oshawa,98384,5250,1500,POINT (-78.905925 43.963006)
754,Yonge St & King St W,Toronto,70477,5625,70500,POINT (-79.378416 43.649261)
755,Yonge & Davisville,Toronto,NULL,60025,14250,POINT (-79.39672 43.69979)
756,Victoria Park & Kingston Rd,Toronto,61490,3750,NULL,POINT (-79.282534 43.681422)
758,Front St & Bay St (Union Station),Toronto,NULL,11250,30000,POINT (-79.381113 43.645144)
760,Yonge St & Steeles Ave,Toronto-North York,33829,19500,17250,POINT (-79.418791 43.795003)
761,Stone Church Rd E & Upper Red Hill,Stoney Creek,53449,9750,14250,POINT (-79.812266 43.190615)
762,Sunningdale Rd. & Adelaide St.,London,220472,3375,NULL,POINT (-81.259501 43.04606)
771,Kingston & Harwood (Durham Centre),Ajax,99396,56250,168750,POINT (-79.023921 43.864812)
776,Brock & Kingston (Hwy 2),Pickering,431323,153000,176050,POINT (-79.072652 43.845567)
